<?xml version="1.0" encoding="UTF-8"?>
<project-private xmlns="http://www.netbeans.org/ns/project-private/1">
    <editor-bookmarks xmlns="http://www.netbeans.org/ns/editor-bookmarks/2" lastBookmarkId="0"/>
    <open-files xmlns="http://www.netbeans.org/ns/projectui-open-files/2">
        <group>
            <file>file:/C:/Users/kaedo/OneDrive/Documents/NetBeansProjects/ST10288567_PROG_PART2_DARSHSOMAYI/src/part/pkg2/test/Register.java</file>
            <file>file:/C:/Users/kaedo/OneDrive/Documents/NetBeansProjects/ST10288567_PROG_PART2_DARSHSOMAYI/src/part/pkg2/test/PART2TEST.java</file>
            <file>file:/C:/Users/kaedo/OneDrive/Documents/NetBeansProjects/ST10288567_PROG_PART2_DARSHSOMAYI/src/part/pkg2/test/Task.java</file>
            <file>file:/C:/Users/kaedo/OneDrive/Documents/NetBeansProjects/ST10288567_PROG_PART2_DARSHSOMAYI/test/part/pkg2/test/TaskTest.java</file>
            <file>file:/C:/Users/kaedo/OneDrive/Documents/NetBeansProjects/ST10288567_PROG_PART2_DARSHSOMAYI/src/part/pkg2/test/Login.java</file>
            <file>file:/C:/Users/kaedo/OneDrive/Documents/NetBeansProjects/ST10288567_PROG_PART2_DARSHSOMAYI/test/part/pkg2/test/RegisterTest.java</file>
        </group>
    </open-files>
</project-private>
